Tenho um vinho tinto francês Les Violettes. Que prato você sugere que eu devo fazer para acompanhar este vinho?,pedindo_comida
Qual vinho é melhor com carne vermelha?,pedindo_comida
Tenho um vinho chileno Rosé Céfiro. Que prato eu devo preparar?,pedindo_comida
"Tenho um vinho tinto, que prato preparar?",pedindo_comida
Qual vinho você indica para comer com queijo?,pedindo_comida
Qual vinho é indicado para acompanhar massas?,pedindo_comida
Qual comida é boa com vinho tinto?,pedindo_comida
Pretendo servir queijo como aperitivo. Qual é o vinho que melhor combina?,pedindo_vinho
gostaria de um vinho para acompanhar carnes vermelhas,pedindo_vinho
carne vermelha,pedindo_vinho
quero um vinho,pedindo_vinho
quero um vinho para comer com queijo,pedindo_vinho
Qual vinho combina mais com carnes de caça?,pedindo_vinho
Qual vinho uso paraacompanhar queijo branco?,pedindo_vinho
qual vinho é bom com massas?,pedindo_vinho
Branco,pedindo_vinho
roses,pedindo_vinho
tinto,pedindo_vinho
carnes vermelhas,pedindo_vinho
Qual vinho é adequado para bacalhau?,pedindo_vinho
Preciso de um vinho para combinar com peixe.,pedindo_vinho
Pretendo servir queijo branco como aperitivo. Qual é o vinho que melhor combina com este queijo?,pedindo_vinho
Eu quero uma sugestão de vinho branco para acompanhar com carne vermelha.,pedindo_vinho
Vou dar um jantar em casa. Qual vinho devo comprar?,pedindo_vinho
Vou servir uma massa no almoço. Qual é o vinho que melhor combina?,pedindo_vinho
